<?xml version="1.0" encoding="UTF-8"?>
<root>
  <item name="com.kaltura.playkit.mediaproviders.ott.PhoenixMediaProvider com.kaltura.playkit.mediaproviders.ott.PhoenixMediaProvider setProtocol(java.lang.String) 0">
    <annotation name="android.support.annotation.StringDef">
      <val name="value" val="{com.kaltura.playkit.mediaproviders.ott.PhoenixMediaProvider.HttpProtocol.Http, com.kaltura.playkit.mediaproviders.ott.PhoenixMediaProvider.HttpProtocol.Https, com.kaltura.playkit.mediaproviders.ott.PhoenixMediaProvider.HttpProtocol.All}" />
    </annotation>
  </item>
  <item name="com.kaltura.playkit.mediaproviders.ott.PhoenixMediaProvider.HttpProtocol">
    <annotation name="android.support.annotation.StringDef">
      <val name="value" val="{com.kaltura.playkit.mediaproviders.ott.PhoenixMediaProvider.HttpProtocol.Http, com.kaltura.playkit.mediaproviders.ott.PhoenixMediaProvider.HttpProtocol.Https, com.kaltura.playkit.mediaproviders.ott.PhoenixMediaProvider.HttpProtocol.All}" />
    </annotation>
  </item>
</root>

